year,storyName,story
,义旅安民,"唐末昭宗时期，宦官擅权，四镇骚动，洪水蝗灾相继发生，处处闹灾荒，而百姓却未能得到赈济，以致游民乘机酿成“寇盗”，天下甚乱。峭山当时年仅二十，见此现状，慨然兴叹，毅然出积贮财物，赈济灾民，且以儒生胆识，招募邻丁组成义旅，平定动乱。义师所至，社会安定，流民回归家园。
当时陇西郡王李克用，有谋略，高举平乱辅唐旗帜，见黄峭有干济之才，举为千夫长。乾宁二年（895），王行瑜、李茂贞、韩建三藩镇侵犯京都长安，朝廷倾危告急。李克用请兵讨伐，峭公内佐机谋，外参戎政，攻克邠州，杀掉王行瑜。李克用乘胜穷追李茂贞、黄峭韩建。此时，昭宗却听信朱温（全忠）诡言：“茂贞覆灭，则沙陀太盛，朝廷危矣！”诏命其“休兵息民”，制止李克用追杀叛逆，封李克用为晋王，峭山为千户侯，参管江浙、两广军务。
乾宁三年（896），茂贞复叛，叛军迫近长安，昭宗出走华州。李克用发兵入援，峭公勤王有功，授工部侍郎。此后，峭公眼见晋王不失臣节，尽心辅唐。昭宗却听信谗言，认为戎狄之人，不可信任。可是朱温之辈，野心图谋不轨，反而受到信赖，因而慨叹：“自古忠者不见信，而听信者不忠，岂有不亡者乎！”
光化元年（900），宦官刘季述幽禁昭宗于少阳院，私自要废昭宗李晔，立太子李裕；天复元年（901），韩全诲劫乘兴于乞巧楼，迫昭宗到凤翔；天祐元年（904），朱温伪称邠 、岐兵迫京畿，挟持昭宗迁都洛阳，将长安宫室、庐舍尽行拆除，京城长安成为废墟。当时昭宗已成为群奸劫持在掌中的傀儡，至洛阳，朱温便在椒殿杀掉昭宗，立太子祝，是为哀帝。
峭公听到政变消息，十分忧伤，绝食数日。工部尚书李袭吉劝解说：“食禄忠事，死固其分也，第念徒死无益，将如后举何？”（《峭公行录》）自此，峭公勉强顺时，为解甲归田作好准备。
天祐三年（906），晋王发兵救幽州刘仁恭，联合出兵攻潞州，讨伐朱温。天祐四年，朱温弑哀帝自立，改国号为梁，史称后梁太祖。唐亡。"
,隐德不仕,"梁开平二年（908）正月，晋王李克用逝世，子存勖继立为晋王，即后唐庄宗，继承父志举兵伐梁，遣使征聘黄峭出山辅政。峭公辞谢说：“量力而进，那能与量德而退相比。德温放弃校书郎官职，回家闭门养高，文江辞掉监察御史，回莆田老家养老。我不能像他们两位明哲保身，但愿为唐逋臣。”（《峭公行录》）。峭公弃官归隐时才三十五岁。十五年的戎马生活，走遍半个中国，耳闻目睹唐末五代臣杀君，子弑父，政局动荡，军阀混战，千室之邑，不存一二。凶荒之年，人皆相食。山河破碎，民不聊生的惨状，感到朝野现状难以匡正，遂无意仕途，养晦韬光，告诫诸子不要昧时而躁进。

和平书院
峭公归隐山林，创办和平书院，敦聘鸿儒名师，诱诲后进。至宋代人才辈出，该书院培养出太常寺丞黄汝济，御史中丞、资政殿大学士黄履，秘书省秘书丞黄伯思，台州知州黄章，兵部尚书、端明殿大学士黄中，衡阳太守黄瀚，工部员外郎黄木，婺州知州黄向等等一大批超凡人才，并造就一批批异姓子弟人才，故和平镇以读书人多，人才出众而着称于世。"
,教子有方,"峭公归隐数十年间，目睹社会变乱，政局动荡，换了五代十一君，亡国而被弑杀的国君八人。时间长的不过十多年，短的不过三、四年。政局如此动荡，决心遣散诸子以避不测之祸。后周广顺元年（951），是年郭威篡后汉为后周太祖。峭公年已八旬，宴会姻族，对众儿子说：世人拜神祈求“多福、多寿、多男”，但是尧说：“多寿则多忧，多男则多惧。”你们二十一人，难道我不愿意都留在身边，以终余年，只是忧虑多男多惧，我怎能指望大家株守家乡呢？应该走出去自谋发展。我过去在戎伍，走遍半个天下，回想闽、粤、赣、江、浙等地，山环水秀，饶沃的田地到处都有，但都已荒芜，只要开发，便成乐土。三妻位下各留长子以奉侍父母，其余一十八支不得恋此故土，各自信步天下，相地而居，随地命名。
诸子齐声说：“俗话说，‘积谷防饥，养儿娱老’。父亲已到八十高龄，我们正在忧虑不能日日奉侍左右，反叫我们远处他乡，培育这么多子女有什么用？”
峭公慨然长叹说：“谁说散不如聚，而共同留恋这小小的地方！你们没有听说，‘燕雀怡堂而殆，鹪鹩巢林而安’，我的忧虑恐惧，就是为此。”
当时众姻亲也向前劝说：“‘池内之鱼，远逊云间之鹤’，当前海内多变，我们觉得亲翁考虑此问题，既全面又有深远意义，为何要仿效吃乳的婴儿，向母亲怀中索食呢！”
峭公接着说：“聪明辖达之人的见识，大致相同。择木而栖，就在于食禽。”于是将所积贮的资财均分，并新修家谱，各授一册，且郑重地说：“此谱以便年深岁久认所由来，知道我们的远祖分自光州，今为绥城旧族、乡名昼锦，里号和平，而中城鹳薮、竹粟、勘头，都是我们一脉之亲所居住的地方。应当珍藏谱牒，遥接书香，使上不堕贻谋之家声，下可绵子之世泽，所以不应该将分与聚当为两种不同的效果看待。他日相逢，彼以礼施，此以礼报，频来而不拒，久间而不疏。你们兄弟可卜吉登程，言无多嘱。”"
