name,read,total,source,field,isEmpty
赵,Zhào,约 2670 万,赵姓出自嬴姓，形成于西周，祖先是伯益，具体始祖是造父。,主要分布于河南、山东、河北、山西、陕西等地,
钱,Qián,约 220 万,钱姓源出彭姓，为颛顼帝曾孙陆终的后代。,主要分布于江苏、浙江、安徽、上海等地,
孙,Sūn,约 1840 万,孙姓主要由三支组成：姬姓、芈姓和妫姓。,主要分布于山东、河南、河北、安徽、江苏等地,
李,Lǐ,约 9500 万,李姓是中国第一大姓，源出嬴姓，为颛顼帝高阳氏的直系后裔。,主要分布于河南、山东、四川、河北、广东等地,
周,Zhōu,约 2500 万,周姓的最早出现，可追溯到远古的黄帝时期。,主要分布于湖南、江西、江苏、浙江、安徽等地,
吴,Wú,约 2400 万,吴姓最早起源于炎帝姜姓，距今已有 5000 多年历史。,主要分布于江苏、浙江、福建、广东、安徽等地,
郑,Zhèng,约 1200 万,郑姓源出姬姓，为周宣王弟姬友的后裔。,主要分布于河南、山东、河北、安徽、浙江等地,
王,Wáng,约 9468 万,王姓是中国最古老的姓氏之一，主要源自姬姓、子姓和妫姓。,主要分布于山东、河南、河北、四川、安徽等地,
冯,Féng,约 861 万,冯姓是一个多民族、多源流的古老姓氏，主要源自姬姓和归姓。,主要分布于河南、河北、山西、广东、江苏等地,
陈,Chén,约 7000 万,陈姓主要得姓于周朝初年的陈胡公满，为虞舜后裔。,主要分布于广东、福建、浙江、江苏、台湾等地,
褚,Chǔ,约 60 万,褚姓出自子姓，是殷商王族后裔。,主要分布于浙江、江苏、安徽、上海、山东等地,
卫,Wèi,约 270 万,卫姓出自姬姓，周文王第九子康叔之后，以国名为氏。,主要分布于河南、河北、山东、山西、陕西等地,
蒋,Jiǎng,约 660 万,蒋姓出自姬姓，周公旦的第三个儿子伯龄之后，以国名为氏。,主要分布于湖南、江苏、安徽、浙江、四川等地,
沈,Shěn,约 600 万,沈姓源出嬴姓、姒姓、姬姓和芈姓，是一个多民族、多源流的姓氏。,主要分布于浙江、江苏、安徽、上海、福建等地,
韩,Hán,约 884 万,韩姓源出姬姓，为唐叔虞之后裔，以国名为氏。,主要分布于河南、山东、河北、山西、陕西等地,
杨,Yáng,约 4270 万,杨姓是中华姓氏之一，最早源于春秋时期的杨国（今山西省洪洞县）。,主要分布于四川、河南、云南、山东、湖北等地,
朱,Zhū,约 1500 万,朱姓是一个典型的多民族、多源流姓氏，主要源自姬姓、祁姓和少数民族改姓。,主要分布于江苏、浙江、安徽、河南、山东等地,
秦,Qín,约 320 万,秦姓源出嬴姓，为颛顼帝的后裔，以国名为氏。,主要分布于河南、陕西、江苏、山东、四川等地,
尤,Yóu,约 80 万,尤姓是沈姓的分支，出自五代十国时期，为沈姓族人避审刑之讳而改。,主要分布于福建、江苏、浙江、安徽、台湾等地,
许,Xǔ,约 890 万,许姓出自姜姓，以国为氏，是炎帝神农氏的后裔。,主要分布于河南、山东、安徽、江苏、浙江等地,
何,Hé,约 1400 万,何姓源出韩姓，为战国时期韩国公族的后裔。,主要分布于四川、广东、湖南、湖北、江西等地,
吕,Lǚ,约 700 万,吕姓出自姜姓，是炎帝的后裔，以国为氏。,主要分布于山东、河南、河北、安徽、山西等地,
施,Shī,约 210 万,施姓起源于夏朝，是一个古老的姓氏，主要源自姬姓和子姓。,主要分布于江苏、浙江、福建、台湾、上海等地,
张,Zhāng,约 8500 万,张姓是中国第三大姓，源出姬姓，为黄帝后裔。,主要分布于河南、山东、河北、江苏、安徽等地,
孔,Kǒng,约 340 万,孔姓源出子姓，为商朝始祖成汤的后裔。,主要分布于山东、河南、河北、安徽、江苏等地,
曹,Cáo,约 730 万,曹姓主要源自姬姓、子姓和少数民族改姓。,主要分布于河南、河北、山东、安徽、江苏等地,
严,Yán,约 220 万,严姓是中国南方典型的姓氏之一，源出庄姓，为避汉明帝刘庄之名讳而改。,主要分布于浙江、江苏、安徽、四川、湖南等地,
华,Huà,约 100 万,华姓源出子姓，为商朝始祖成汤的后裔。,主要分布于江苏、浙江、安徽、上海、山东等地,
金,Jīn,约 380 万,金姓是一个典型的多民族、多源流姓氏，主要源自少昊金天氏、匈奴休屠王太子金日磾等。,主要分布于浙江、江苏、安徽、河南、山东等地,
魏,Wèi,约 680 万,魏姓源出姬姓，为周文王第十五子毕公高的后裔。,主要分布于河南、河北、山东、山西、陕西等地,
陶,Táo,约 200 万,陶姓源出伊祁氏，是尧帝的后裔。,主要分布于安徽、江苏、浙江、江西、湖南等地,
姜,Jiāng,约 460 万,姜姓是中国最古老的姓氏之一，为炎帝神农氏的后裔。,主要分布于山东、河南、河北、辽宁、黑龙江等地,
戚,Qī,约 50 万,戚姓源出姬姓，为春秋时期卫国大夫孙林父的食邑，以邑名为氏。,主要分布于江苏、浙江、安徽、山东、河南等地,
谢,Xiè,约 1000 万,谢姓源出姜姓，为炎帝后裔申伯的后代。,主要分布于广东、江西、湖南、浙江、安徽等地,
邹,Zōu,约 450 万,邹姓源出姒姓和子姓，是一个多民族、多源流的姓氏。,主要分布于江西、湖北、湖南、安徽、江苏等地,
喻,Yù,约 160 万,喻姓是一个多民族、多源流的姓氏群体，主要源自姬姓、芈姓和少数民族改姓。,主要分布于湖南、湖北、江西、安徽、重庆等地,
柏,Bǎi,约 60 万,柏姓源出柏皇氏，是中国最古老的姓氏之一。,主要分布于湖南、江苏、安徽、浙江、山东等地,
水,Shuǐ,人口不详,水姓是中国历史上比较罕见的姓氏之一，源出姒姓和共工氏。,分布不详,
窦,Dòu,约 80 万,窦姓源出姒姓，为夏帝少康之后。,主要分布于河北、河南、山东、江苏、陕西等地,
章,Zhāng,约 150 万,章姓源出姜姓，为炎帝神农氏的后裔。,主要分布于浙江、安徽、江苏、江西、福建等地,
云,Yún,约 37 万,云姓源出妘姓，为黄帝的后裔。,主要分布于河南、河北、山东、安徽、江苏等地,
苏,Sū,约 606 万,苏姓源出己姓，为颛顼帝的后裔。,主要分布于河北、河南、广东、广西、台湾等地,
潘,Pān,约 820 万,潘姓源出姬姓和芈姓，是一个多民族、多源流的姓氏。,主要分布于广东、浙江、江苏、安徽、山东等地,
葛,Gě,约 140 万,葛姓源出嬴姓和葛天氏，是一个多民族、多源流的姓氏。,主要分布于江苏、安徽、河南、山东、河北等地,
奚,Xī,约 28 万,奚姓源出任姓，为黄帝之子禺阳的后裔。,主要分布于江苏、安徽、浙江、山东、辽宁等地,
范,Fàn,约 500 万,范姓源出祁姓，为帝尧陶唐氏的后裔。,主要分布于河南、山东、江苏、安徽、四川等地,
彭,Péng,约 760 万,彭姓源出篯姓，为颛顼帝的后裔。,主要分布于湖南、湖北、江西、四川、重庆等地,
郎,Láng,约 40 万,郎姓源出姬姓和纽祜禄氏，是一个多民族、多源流的姓氏。,主要分布于辽宁、吉林、黑龙江、河北、山东等地,
鲁,Lǔ,约 440 万,鲁姓源出姬姓，为周公旦的后裔。,主要分布于山东、河南、安徽、江苏、浙江等地,
韦,Wéi,约 430 万,韦姓源出彭姓和韩姓，是一个多民族、多源流的姓氏。,主要分布于广西、河南、广东、安徽、江苏等地,
昌,Chāng,约 28 万,昌姓源出有熊氏，为黄帝的后裔。,主要分布于河南、山东、安徽、江苏、浙江等地,
马,Mǎ,约 1900 万,马姓源出嬴姓，为伯益的后裔。,主要分布于河南、河北、山东、江苏、安徽等地,
苗,Miáo,约 110 万,苗姓源出芈姓，为春秋时期楚国公族的后裔。,主要分布于河南、山东、山西、河北、陕西等地,
凤,Fèng,约 7 万,凤姓源出高辛氏，为帝喾的后裔。,主要分布于安徽、江苏、浙江、山东、河南等地,
花,Huā,约 52 万,花姓源出华姓，是一个多民族、多源流的姓氏。,主要分布于江苏、浙江、安徽、山东、河南等地,
方,Fāng,约 410 万,方姓源出姬姓，为西周时期方叔的后裔。,主要分布于浙江、安徽、河南、湖北、福建等地,
俞,Yú,约 190 万,俞姓源出黄帝臣跗之后，以物事为氏。,主要分布于浙江、江苏、安徽、上海、福建等地,
任,Rén,约 420 万,任姓是一个多民族、多源流的姓氏，主要源自黄帝少子禺阳的后裔。,主要分布于河南、河北、山东、山西、陕西等地,
袁,Yuán,约 700 万,袁姓源出妫姓，为舜帝的后裔。,主要分布于河南、山东、四川、江苏、安徽等地,
柳,Liǔ,约 140 万,柳姓源出姬姓，为春秋时期鲁国展禽的后裔。,主要分布于山东、河南、河北、安徽、江苏等地,
酆,Fēng,人口不详,酆姓源出姬姓，为周文王第十七子酆侯的后裔。,分布不详,
鲍,Bào,约 67 万,鲍姓源出姒姓和子姓，是一个多民族、多源流的姓氏。,主要分布于安徽、江苏、山东、河北、浙江等地,
史,Shǐ,约 250 万,史姓源出黄帝时创造文字的史皇仓颉。,主要分布于河南、河北、山东、江苏、安徽等地,
唐,Táng,约 780 万,唐姓源出祁姓和姬姓，是一个多民族、多源流的姓氏。,主要分布于湖南、四川、湖北、山东、安徽等地,
费,Fèi,约 80 万,费姓源出嬴姓和姬姓，是一个多民族、多源流的姓氏。,主要分布于江苏、安徽、山东、河北、浙江等地,
廉,Lián,约 30 万,廉姓源出嬴姓，为颛顼帝的后裔。,主要分布于河南、河北、山西、山东、陕西等地,
岑,Cén,约 52 万,岑姓源出姬姓，为周文王异母弟耀之子渠的后裔。,主要分布于广西、广东、河南、陕西、浙江等地,
薛,Xuē,约 500 万,薛姓源出任姓和妫姓，是一个多民族、多源流的姓氏。,主要分布于山东、江苏、河南、安徽、河北等地,
雷,Léi,约 300 万,雷姓源出方雷氏和姜姓，是一个多民族、多源流的姓氏。,主要分布于四川、湖南、陕西、江西、湖北等地,
贺,Hè,约 280 万,贺姓源出庆姓，为春秋时期齐国公族庆封的后裔。,主要分布于湖南、江西、浙江、江苏、安徽等地,
倪,Ní,约 140 万,倪姓源出曹姓，为春秋时期邾武公次子邾肥的后裔。,主要分布于江苏、浙江、安徽、山东、河南等地,
汤,Tāng,约 460 万,汤姓源出子姓，为商朝开国君主成汤的后裔。,主要分布于湖南、江苏、浙江、安徽、湖北等地,
滕,Téng,约 96 万,滕姓源出姬姓，为周文王第十四子滕错叔的后裔。,主要分布于山东、河南、江苏、安徽、浙江等地,
殷,Yīn,约 170 万,殷姓源出子姓，为商朝后期的都城殷的后裔。,主要分布于河南、山东、江苏、安徽、浙江等地,
罗,Luó,约 1300 万,罗姓源出妘姓，为颛顼帝的后裔。,主要分布于广东、湖南、江西、四川、重庆等地,
毕,Bì,约 99 万,毕姓源出姬姓，为周文王第十五子毕公高的后裔。,主要分布于河南、山东、河北、山西、陕西等地,
郝,Hǎo,约 270 万,郝姓源出子姓和郝骨氏，是一个多民族、多源流的姓氏。,主要分布于河北、山西、河南、山东、陕西等地,
邬,Wū,约 61 万,邬姓源出妘姓和祁姓，是一个多民族、多源流的姓氏。,主要分布于浙江、江苏、安徽、江西、福建等地,
安,Ān,约 170 万,安姓是一个多民族、多源流的姓氏，主要源自安息国、鲜卑族等。,主要分布于河北、河南、山东、辽宁、吉林等地,
常,Cháng,约 280 万,常姓源出姬姓和恒姓，是一个多民族、多源流的姓氏。,主要分布于河南、河北、山东、山西、安徽等地,
乐,Lè,约 36 万,乐姓源出子姓和姬姓，是一个多民族、多源流的姓氏。,主要分布于河南、河北、山东、山西、陕西等地,
于,Yú,约 640 万,于姓源出姬姓，为周武王第三子叔虞的后裔。,主要分布于山东、河南、河北、江苏、安徽等地,
时,Shí,约 67 万,时姓源出子姓和祁姓，是一个多民族、多源流的姓氏。,主要分布于河南、山东、江苏、安徽、浙江等地,
傅,Fù,约 610 万,傅姓源出姬姓和姚姓，是一个多民族、多源流的姓氏。,主要分布于河南、山东、河北、山西、陕西等地,
皮,Pí,约 14 万,皮姓源出姬姓，为春秋时期郑国大夫子皮的后裔。,主要分布于江苏、安徽、浙江、江西、湖南等地,
卞,Biàn,约 31 万,卞姓源出姬姓，为周文王第六子曹叔振铎的后裔。,主要分布于江苏、安徽、山东、河北、浙江等地,
齐,Qí,约 170 万,齐姓源出姜姓，为姜子牙的后裔。,主要分布于山东、河南、河北、山西、陕西等地,
康,Kāng,约 330 万,康姓源出姬姓，为周武王之弟康叔的后裔。,主要分布于河南、河北、山东、山西、陕西等地,
伍,Wǔ,约 130 万,伍姓源出芈姓，为春秋时期楚国大夫伍参的后裔。,主要分布于湖南、湖北、江西、四川、广东等地,
余,Yú,约 650 万,余姓源出姒姓和隗姓，是一个多民族、多源流的姓氏。,主要分布于广东、福建、浙江、江西、安徽等地,
元,Yuán,约 200 万,元姓源出姬姓和拓跋姓，是一个多民族、多源流的姓氏。,主要分布于河南、河北、山东、山西、陕西等地,
卜,Bǔ,约 64 万,卜姓源出姒姓和姬姓，是一个多民族、多源流的姓氏。,主要分布于河南、山东、河北、江苏、安徽等地,
顾,Gù,约 230 万,顾姓源出己姓和姒姓，是一个多民族、多源流的姓氏。,主要分布于江苏、浙江、安徽、上海、山东等地,
孟,Mèng,约 330 万,孟姓源出姬姓和子姓，是一个多民族、多源流的姓氏。,主要分布于山东、河南、河北、安徽、江苏等地,
平,Píng,约 16 万,平姓源出姬姓和姜姓，是一个多民族、多源流的姓氏。,主要分布于河南、山东、河北、山西、陕西等地,
黄,Huáng,约 2870 万,黄姓源出嬴姓，为伯益的后裔。,主要分布于广东、广西、湖南、江西、福建等地,2
和,Hé,约 15 万,和姓源出祝融氏和卞和，是一个多民族、多源流的姓氏。,主要分布于河南、河北、山东、山西、陕西等地,
穆,Mù,约 72 万,穆姓源出子姓和姬姓，是一个多民族、多源流的姓氏。,主要分布于河南、河北、山东、山西、陕西等地,
萧,Xiāo,约 708 万,萧姓源出子姓，为春秋时期宋国始祖微子启的后裔。,主要分布于湖南、江西、湖北、安徽、江苏等地,
尹,Yǐn,约 220 万,尹姓源出少昊金天氏和兮甲，是一个多民族、多源流的姓氏。,主要分布于河南、河北、山东、山西、陕西等地,
姚,Yáo,约 520 万,姚姓源出虞舜，是一个非常古老的姓氏。,主要分布于浙江、江苏、安徽、山东、河南等地,
邵,Shào,约 300 万,邵姓源出姬姓，为周文王第五子召公奭的后裔。,主要分布于湖南、江苏、安徽、浙江、山东等地,
湛,Zhàn,人口不详,湛姓源出姒姓和姬姓，是一个多民族、多源流的姓氏。,分布不详,
汪,Wāng,约 430 万,汪姓源出漆姓和姬姓，是一个多民族、多源流的姓氏。,主要分布于安徽、浙江、江苏、江西、湖北等地,
祁,Qí,约 28 万,祁姓源出伊祁氏和姬姓，是一个多民族、多源流的姓氏。,主要分布于山西、陕西、河北、河南、山东等地,
毛,Máo,约 320 万,毛姓源出姬姓，为周文王之子毛伯郑的后裔。,主要分布于浙江、江苏、湖南、四川、江西等地,
禹,Yǔ,约 26 万,禹姓源出姒姓，为夏禹的后裔。,主要分布于河南、山东、江苏、安徽、浙江等地,
狄,Dí,约 23 万,狄姓源出姬姓和姮姓，是一个多民族、多源流的姓氏。,主要分布于山东、河南、河北、山西、陕西等地,
米,Mǐ,约 43 万,米姓源出西域米国，为昭武九姓之一。,主要分布于湖南、湖北、四川、河南、山东等地,
贝,Bèi,约 14 万,贝姓源出姬姓和地名，是一个多民族、多源流的姓氏。,主要分布于浙江、江苏、安徽、山东、河南等地,
明,Míng,约 27 万,明姓源出谯明氏和姬姓，是一个多民族、多源流的姓氏。,主要分布于山东、河南、河北、江苏、安徽等地,
臧,Zāng,约 39 万,臧姓源出姬姓，为春秋时期鲁国大夫臧僖伯的后裔。,主要分布于山东、江苏、安徽、浙江、河北等地,
计,Jì,约 13 万,计姓源出姒姓和地名，是一个多民族、多源流的姓氏。,主要分布于浙江、江苏、安徽、上海、山东等地,
伏,Fú,约 110 万,伏姓源出风姓，为伏羲氏的后裔。,主要分布于河南、山东、河北、江苏、安徽等地,
成,Chéng,约 60 万,成姓源出姬姓和芈姓，是一个多民族、多源流的姓氏。,主要分布于湖南、江苏、安徽、浙江、山东等地,
戴,Dài,约 470 万,戴姓源出子姓和姬姓，是一个多民族、多源流的姓氏。,主要分布于江苏、浙江、安徽、江西、湖北等地,
谈,Tán,约 19 万,谈姓源出子姓和地名，是一个多民族、多源流的姓氏。,主要分布于江苏、浙江、安徽、上海、江西等地,
宋,Sòng,约 1000 万,宋姓源出子姓，为商朝后裔。,主要分布于河南、山东、河北、江苏、安徽等地,
茅,Máo,约 42 万,茅姓源出姬姓，为周公旦第三子茅叔的后裔。,主要分布于江苏、浙江、安徽、山东、河南等地,
庞,Páng,约 300 万,庞姓源出姬姓和高阳氏，是一个多民族、多源流的姓氏。,主要分布于河北、河南、山东、山西、陕西等地,
熊,Xióng,约 400 万,熊姓源出芈姓，为楚国君主的姓氏。,主要分布于湖北、湖南、江西、四川、重庆等地,
纪,Jì,约 130 万,纪姓源出姜姓，为炎帝的后裔。,主要分布于山东、江苏、安徽、浙江、福建等地,
舒,Shū,约 92 万,舒姓源出偃姓和姬姓，是一个多民族、多源流的姓氏。,主要分布于安徽、江苏、浙江、江西、湖北等地,
屈,Qū,约 76 万,屈姓源出芈姓，为春秋时期楚国公族的后裔。,主要分布于湖南、湖北、江西、重庆、四川等地,
项,Xiàng,约 140 万,项姓源出姬姓和芈姓，是一个多民族、多源流的姓氏。,主要分布于湖南、湖北、江西、安徽、江苏等地,
祝,Zhù,约 130 万,祝姓源出姬姓和任姓，是一个多民族、多源流的姓氏。,主要分布于山东、江苏、安徽、浙江、河南等地,
董,Dǒng,约 780 万,董姓源出己姓和姬姓，是一个多民族、多源流的姓氏。,主要分布于河北、山东、河南、山西、陕西等地,
梁,Liáng,约 1100 万,梁姓源出嬴姓和姬姓，是一个多民族、多源流的姓氏。,主要分布于广东、广西、湖南、江西、四川等地,
杜,Dù,约 520 万,杜姓源出祁姓，为帝尧的后裔。,主要分布于河南、山东、河北、陕西、山西等地,
阮,Ruǎn,约 100 万,阮姓源出偃姓和地名，是一个多民族、多源流的姓氏。,主要分布于浙江、江苏、安徽、福建、广东等地,
蓝,Lán,约 130 万,蓝姓源出芈姓和嬴姓，是一个多民族、多源流的姓氏。,主要分布于福建、广东、广西、江西、浙江等地,
闵,Mǐn,约 65 万,闵姓源出姬姓，为春秋时期鲁国君主鲁闵公的后裔。,主要分布于山东、河南、河北、安徽、江苏等地,
席,Xí,约 57 万,席姓源出籍姓，为春秋时期晋国大夫籍谈的后裔。,主要分布于河南、山东、河北、山西、陕西等地,
季,Jì,约 110 万,季姓源出姬姓和芈姓，是一个多民族、多源流的姓氏。,主要分布于山东、江苏、安徽、浙江、河南等地,
麻,Má,约 23 万,麻姓源出芈姓和地名，是一个多民族、多源流的姓氏。,主要分布于四川、重庆、湖南、湖北、贵州等地,
强,Qiáng,约 46 万,强姓源出姬姓和姜姓，是一个多民族、多源流的姓氏。,主要分布于陕西、山西、河南、河北、山东等地,
贾,Jiǎ,约 370 万,贾姓源出姬姓和狐偃之后，是一个多民族、多源流的姓氏。,主要分布于山西、河北、河南、山东、陕西等地,
路,Lù,约 100 万,路姓源出炎帝和黄帝之后，是一个多民族、多源流的姓氏。,主要分布于河北、山东、河南、山西、陕西等地,
娄,Lóu,约 70 万,娄姓源出姒姓和妘姓，是一个多民族、多源流的姓氏。,主要分布于山东、河南、河北、江苏、安徽等地,
危,Wēi,约 48 万,危姓源出三苗族和姬姓，是一个多民族、多源流的姓氏。,主要分布于江西、福建、浙江、湖南、湖北等地,
江,Jiāng,约 362 万,江姓源出嬴姓，为颛顼帝玄孙伯益的后裔。,主要分布于江西、福建、浙江、安徽、广东等地,
童,Tóng,约 112 万,童姓源出颛顼帝之子老童和胥童，是一个多民族、多源流的姓氏。,主要分布于浙江、江苏、安徽、江西、福建等地,
颜,Yán,约 170 万,颜姓源出曹姓和姬姓，是一个多民族、多源流的姓氏。,主要分布于山东、河南、河北、安徽、江苏等地,
郭,Guō,约 1490 万,郭姓源出姬姓和地名，是一个多民族、多源流的姓氏。,主要分布于河南、河北、山东、山西、陕西等地,
梅,Méi,约 105 万,梅姓源出子姓，为商朝后裔。,主要分布于安徽、江苏、浙江、江西、湖北等地,
盛,Shèng,约 86 万,盛姓源出姬姓，为周穆王时盛国的后裔。,主要分布于浙江、江苏、安徽、山东、河南等地,
林,Lín,约 1400 万,林姓源出子姓和姬姓，是一个多民族、多源流的姓氏。,主要分布于福建、广东、台湾、浙江、海南等地,
刁,Diāo,约 32 万,刁姓源出姬姓和职业，是一个多民族、多源流的姓氏。,主要分布于山东、河南、河北、江苏、安徽等地,
钟,Zhōng,约 624 万,钟姓源出子姓和嬴姓，是一个多民族、多源流的姓氏。,主要分布于广东、江西、湖南、福建、浙江等地,
徐,Xú,约 2000 万,徐姓源出嬴姓，为伯益之子若木的后裔。,主要分布于江苏、山东、浙江、安徽、江西等地,
邱,Qiū,约 380 万,邱姓源出姜姓，为姜子牙的后裔。,主要分布于福建、台湾、广东、江西、浙江等地,
骆,Luò,约 142 万,骆姓源出姜姓和嬴姓，是一个多民族、多源流的姓氏。,主要分布于广东、浙江、江苏、安徽、山东等地,
高,Gāo,约 1450 万,高姓源出姜姓和姬姓，是一个多民族、多源流的姓氏。,主要分布于山东、河北、河南、江苏、安徽等地,
夏,Xià,约 570 万,夏姓源出姒姓，为大禹的后裔。,主要分布于河南、山东、安徽、江苏、浙江等地,
蔡,Cài,约 650 万,蔡姓源出姬姓，为周文王第五子蔡叔度的后裔。,主要分布于福建、广东、台湾、浙江、江西等地,
田,Tián,约 685 万,田姓源出妫姓，为舜帝的后裔。,主要分布于山东、河南、河北、陕西、山西等地,
樊,Fán,约 220 万,樊姓源出姬姓和子姓，是一个多民族、多源流的姓氏。,主要分布于河南、山东、河北、山西、陕西等地,
胡,Hú,约 1650 万,胡姓源出妫姓和姬姓，是一个多民族、多源流的姓氏。,主要分布于湖南、湖北、江西、安徽、江苏等地,
凌,Líng,约 80 万,凌姓源出姬姓，为周文王第九子康叔的后裔。,主要分布于江苏、安徽、浙江、江西、湖南等地,
霍,Huò,约 96 万,霍姓源出姬姓，为周文王第六子霍叔处的后裔。,主要分布于山西、河北、河南、山东、陕西等地,
虞,Yú,约 65 万,虞姓源出姚姓和姬姓，是一个多民族、多源流的姓氏。,主要分布于浙江、江苏、安徽、山东、河南等地,
万,Wàn,约 270 万,万姓源出姬姓和芮姓，是一个多民族、多源流的姓氏。,主要分布于河南、山东、河北、安徽、江苏等地,
支,Zhī,约 100 万,支姓源出姬姓和月支国，是一个多民族、多源流的姓氏。,主要分布于浙江、江苏、安徽、山东、河南等地,
柯,Kē,约 110 万,柯姓源出姬姓和地名，是一个多民族、多源流的姓氏。,主要分布于福建、浙江、广东、台湾、安徽等地,
昝,Zǎn,约 50 万,昝姓源出子姓和地名，是一个多民族、多源流的姓氏。,主要分布于山西、陕西、河南、河北、山东等地,
管,Guǎn,约 110 万,管姓源出姬姓，为周文王第三子管叔鲜的后裔。,主要分布于山东、河南、河北、安徽、江苏等地,
卢,Lú,约 650 万,卢姓源出姜姓和姬姓，是一个多民族、多源流的姓氏。,主要分布于广东、广西、河南、山东、河北等地,
莫,Mò,约 230 万,莫姓源出高阳氏和芈姓，是一个多民族、多源流的姓氏。,主要分布于广东、广西、湖南、江西、贵州等地,
经,Jīng,约 110 万,经姓源出姬姓和地名，是一个多民族、多源流的姓氏。,主要分布于浙江、江苏、安徽、山东、河南等地,
房,Fáng,约 52 万,房姓源出祁姓，为帝尧的后裔。,主要分布于河南、山东、河北、山西、陕西等地,
裘,Qiú,约 32 万,裘姓源出姬姓和职业，是一个多民族、多源流的姓氏。,主要分布于浙江、江苏、安徽、江西、湖南等地,
缪,Miào,约 50 万,缪姓源出嬴姓和姬姓，是一个多民族、多源流的姓氏。,主要分布于江苏、浙江、安徽、山东、河南等地,
干,Gān,约 15 万,干姓源出子姓和地名，是一个多民族、多源流的姓氏。,主要分布于江苏、安徽、浙江、江西、湖南等地,
解,Xiè,约 68 万,解姓源出姬姓，为周文王之子唐叔虞的后裔。,主要分布于山西、河北、河南、山东、陕西等地,
应,Yīng,约 50 万,应姓源出姬姓，为周武王第四子应叔的后裔。,主要分布于河南、山东、河北、安徽、浙江等地,
宗,Zōng,约 30 万,宗姓源出子姓和官职，是一个多民族、多源流的姓氏。,主要分布于江苏、安徽、浙江、山东、河南等地,
丁,Dīng,约 580 万,丁姓源出姜姓和子姓，是一个多民族、多源流的姓氏。,主要分布于江苏、山东、浙江、安徽、江西等地,
宣,Xuān,约 16 万,宣姓源出姬姓和子姓，是一个多民族、多源流的姓氏。,主要分布于浙江、江苏、安徽、山东、河南等地,
贲,Bēn,约 12 万,贲姓源出姬姓和地名，是一个多民族、多源流的姓氏。,主要分布于江苏、安徽、山东、河北、浙江等地,
邓,Dèng,约 920 万,邓姓源出曼姓和李姓，是一个多民族、多源流的姓氏。,主要分布于河南、湖南、湖北、四川、广东等地,
郁,Yù,约 40 万,郁姓源出姬姓和地名，是一个多民族、多源流的姓氏。,主要分布于浙江、江苏、上海、安徽、山东等地,
单,Shàn,约 100 万,单姓源出姬姓，为周文王之子姬臻的后裔。,主要分布于河南、山东、河北、山西、陕西等地,
杭,Háng,约 20 万,杭姓源出姒姓和地名，是一个多民族、多源流的姓氏。,主要分布于浙江、江苏、安徽、福建、广东等地,
洪,Hóng,约 240 万,洪姓源出共工氏和姬姓，是一个多民族、多源流的姓氏。,主要分布于江西、浙江、安徽、福建、台湾等地,
包,Bāo,约 480 万,包姓源出芈姓和鲍姓，是一个多民族、多源流的姓氏。,主要分布于内蒙古、辽宁、吉林、黑龙江、山东等地,
诸,Zhū,约 40 万,诸姓源出姒姓和姬姓，是一个多民族、多源流的姓氏。,主要分布于浙江、江苏、安徽、上海、江西等地,
左,Zuǒ,约 110 万,左姓源出官名和姜姓，是一个多民族、多源流的姓氏。,主要分布于河北、山东、河南、山西、陕西等地,
石,Shí,约 410 万,石姓源出姬姓和子姓，是一个多民族、多源流的姓氏。,主要分布于河北、山东、河南、山西、陕西等地,
崔,Cuī,约 420 万,崔姓源出姜姓，为姜子牙的后裔。,主要分布于山东、河北、河南、辽宁、黑龙江等地,
吉,Jí,约 60 万,吉姓源出姞姓和官职，是一个多民族、多源流的姓氏。,主要分布于河北、山东、河南、山西、陕西等地,
钮,Niǔ,约 16 万,钮姓源出晋国钮宣子和满族姓氏，是一个多民族、多源流的姓氏。,主要分布于浙江、江苏、安徽、上海、江西等地,
龚,Gōng,约 300 万,龚姓源出姬姓和共国，是一个多民族、多源流的姓氏。,主要分布于江西、湖南、湖北、安徽、江苏等地,
程,Chéng,约 700 万,程姓源出风姓和姬姓，是一个多民族、多源流的姓氏。,主要分布于河南、山东、河北、安徽、江苏等地,
嵇,Jī,约 40 万,嵇姓源出姒姓和姬姓，是一个多民族、多源流的姓氏。,主要分布于江苏、安徽、浙江、山东、河南等地,
邢,Xíng,约 120 万,邢姓源出姬姓，为周公旦第四子邢侯的后裔。,主要分布于河北、河南、山东、山西、陕西等地,
滑,Huá,约 4 万,滑姓源出姬姓，为周朝滑国的后裔。,主要分布于江苏、安徽、浙江、江西、湖南等地,
裴,Péi,约 110 万,裴姓源出嬴姓和地名，是一个多民族、多源流的姓氏。,主要分布于山西、河北、河南、山东、陕西等地,
陆,Lù,约 420 万,陆姓源出妫姓和允姓，是一个多民族、多源流的姓氏。,主要分布于江苏、浙江、安徽、上海、江西等地,
荣,Róng,约 45 万,荣姓源出姬姓和地名，是一个多民族、多源流的姓氏。,主要分布于江苏、安徽、浙江、山东、河南等地,
翁,Wēng,约 56 万,翁姓源出姬姓和地名，是一个多民族、多源流的姓氏。,主要分布于浙江、福建、江西、台湾、广东等地,
荀,Xún,约 100 万,荀姓源出姬姓和地名，是一个多民族、多源流的姓氏。,主要分布于河南、河北、山西、山东、陕西等地,
羊,Yáng,约 10 万,羊姓源出祁姓和姬姓，是一个多民族、多源流的姓氏。,主要分布于山东、河南、江苏、安徽、浙江等地,
於,Yū,约 2 万,於姓源出黄帝臣於则和地名，是一个多民族、多源流的姓氏。,主要分布于浙江、江苏、安徽、山东、河南等地,
惠,Huì,约 45 万,惠姓源出姬姓和子姓，是一个多民族、多源流的姓氏。,主要分布于江苏、浙江、安徽、山东、河南等地,
甄,Zhēn,约 45 万,甄姓源出姚姓和官职，是一个多民族、多源流的姓氏。,主要分布于河北、河南、山东、山西、陕西等地,
麴,Qū,约 1 万,麴姓源出官职和地名，是一个多民族、多源流的姓氏。,主要分布于甘肃、陕西、河南、山东、河北等地,
家,Jiā,约 5 万,家姓源出姬姓，为周考王的后裔。,主要分布于陕西、山西、河南、山东、河北等地,
封,Fēng,约 40 万,封姓源出姜姓和地名，是一个多民族、多源流的姓氏。,主要分布于河北、河南、山东、山西、陕西等地,
芮,Ruì,约 20 万,芮姓源出姬姓，为周武王封卿士姬良夫于芮的后裔。,主要分布于山西、陕西、河南、河北、山东等地,
羿,Yì,约 1 万,羿姓源出有穷氏，为夏朝东夷族有穷氏部落首领后羿的后裔。,主要分布于江苏、安徽、浙江、山东、河南等地,
储,Chǔ,约 20 万,储姓源出姬姓和官职，是一个多民族、多源流的姓氏。,主要分布于江苏、安徽、浙江、江西、湖南等地,
靳,Jìn,约 100 万,靳姓源出芈姓，为春秋时期楚国大夫靳尚的后裔。,主要分布于河南、河北、山东、山西、陕西等地,
汲,Jí,约 10 万,汲姓源出姬姓，为春秋时期卫国大夫汲黯的后裔。,主要分布于河南、山东、河北、山西、陕西等地,
邴,Bǐng,约 5 万,邴姓源出姬姓和地名，是一个多民族、多源流的姓氏。,主要分布于山东、河南、河北、江苏、安徽等地,
糜,Mí,约 2 万,糜姓源出姒姓和地名，是一个多民族、多源流的姓氏。,主要分布于江苏、安徽、浙江、江西、湖南等地,
松,Sōng,约 12 万,松姓源出秦朝，为秦始皇封松为五大夫的后裔。,主要分布于江苏、安徽、浙江、山东、河南等地,
井,Jǐng,约 27 万,井姓源出姜姓和姬姓，是一个多民族、多源流的姓氏。,主要分布于陕西、山西、河南、河北、山东等地,
段,Duàn,约 300 万,段姓源出姬姓和地名，是一个多民族、多源流的姓氏。,主要分布于云南、四川、河南、山东、河北等地,
富,Fù,约 40 万,富姓源出姬姓和地名，是一个多民族、多源流的姓氏。,主要分布于山东、河南、河北、山西、陕西等地,
巫,Wū,约 5 万,巫姓源出上古，为巫彭、巫咸的后裔。,主要分布于江苏、浙江、安徽、江西、福建等地,
乌,Wū,约 15 万,乌姓源出金天氏和地名，是一个多民族、多源流的姓氏。,主要分布于浙江、江苏、安徽、山东、河南等地,
焦,Jiāo,约 60 万,焦姓源出姜姓和姬姓，是一个多民族、多源流的姓氏。,主要分布于河南、河北、山东、山西、陕西等地,
巴,Bā,约 20 万,巴姓源出姬姓和少数民族，是一个多民族、多源流的姓氏。,主要分布于四川、重庆、湖南、湖北、贵州等地,
弓,Gōng,约 1 万,弓姓源出姬姓和官职，是一个多民族、多源流的姓氏。,主要分布于河南、山东、河北、山西、陕西等地,
牧,Mù,约 5 万,牧姓源出姬姓和官职，是一个多民族、多源流的姓氏。,主要分布于河南、山东、河北、江苏、安徽等地,
隗,Kuí,约 6 万,隗姓源出赤狄和姬姓，是一个多民族、多源流的姓氏。,主要分布于河北、山西、河南、山东、陕西等地,
山,Shān,约 12 万,山姓源出烈山氏和官职，是一个多民族、多源流的姓氏。,主要分布于山东、河南、河北、江苏、安徽等地,
谷,Gǔ,约 100 万,谷姓源出嬴姓和地名，是一个多民族、多源流的姓氏。,主要分布于河北、山东、河南、山西、陕西等地,
车,Chē,约 60 万,车姓源出子姓和姬姓，是一个多民族、多源流的姓氏。,主要分布于山东、河南、河北、江苏、安徽等地,
侯,Hóu,约 400 万,侯姓源出姬姓和姒姓，是一个多民族、多源流的姓氏。,主要分布于河南、山东、河北、山西、陕西等地,
宓,Fú,约 3 万,宓姓源出伏羲氏和姬姓，是一个多民族、多源流的姓氏。,主要分布于河南、山东、河北、江苏、安徽等地,
蓬,Péng,约 15 万,蓬姓源出姬姓和地名，是一个多民族、多源流的姓氏。,主要分布于江苏、浙江、安徽、江西、湖南等地,
全,Quán,约 40 万,全姓源出泉姓和官职，是一个多民族、多源流的姓氏。,主要分布于浙江、江苏、安徽、山东、河南等地,
郗,Xī,约 5 万,郗姓源出姬姓，为周文王之子郗伯的后裔。,主要分布于江苏、安徽、山东、河北、浙江等地,
班,Bān,约 27 万,班姓源出芈姓和姬姓，是一个多民族、多源流的姓氏。,主要分布于河南、山东、河北、山西、陕西等地,
仰,Yǎng,约 2 万,仰姓源出嬴姓和地名，是一个多民族、多源流的姓氏。,主要分布于河南、山东、河北、江苏、安徽等地,
秋,Qiū,约 10 万,秋姓源出子姓和官职，是一个多民族、多源流的姓氏。,主要分布于河南、山东、河北、山西、陕西等地,
仲,Zhòng,约 35 万,仲姓源出子姓和姬姓，是一个多民族、多源流的姓氏。,主要分布于山东、河南、河北、江苏、安徽等地,
伊,Yī,约 20 万,伊姓源出伊祁氏和地名，是一个多民族、多源流的姓氏。,主要分布于河南、山东、河北、山西、陕西等地,
宫,Gōng,约 28 万,宫姓源出姬姓和官职，是一个多民族、多源流的姓氏。,主要分布于山东、河南、河北、江苏、安徽等地,
宁,Nìng,约 80 万,宁姓源出姬姓和地名，是一个多民族、多源流的姓氏。,主要分布于辽宁、吉林、黑龙江、河北、山东等地,
仇,Qiú,约 53 万,仇姓源出子姓和地名，是一个多民族、多源流的姓氏。,主要分布于江苏、浙江、安徽、山东、河南等地,
栾,Luán,约 40 万,栾姓源出姬姓和地名，是一个多民族、多源流的姓氏。,主要分布于河北、山东、河南、山西、陕西等地,
暴,Bào,约 2 万,暴姓源出姬姓和地名，是一个多民族、多源流的姓氏。,主要分布于河南、河北、山东、山西、陕西等地,
甘,Gān,约 15 万,甘姓源出姬姓和地名，是一个多民族、多源流的姓氏。,主要分布于河南、河北、山东、江苏、安徽等地,
钭,Tǒu,约 5 万,钭姓源出姜姓，为春秋时期齐国大夫钭滔的后裔。,主要分布于浙江、江苏、安徽、江西、湖南等地,
厉,Lì,约 20 万,厉姓源出姜姓和姬姓，是一个多民族、多源流的姓氏。,主要分布于浙江、江苏、安徽、山东、河南等地,
戎,Róng,约 15 万,戎姓源出姜姓和姬姓，是一个多民族、多源流的姓氏。,主要分布于河南、山东、河北、山西、陕西等地,
祖,Zǔ,约 40 万,祖姓源出子姓，为商朝王室的后裔。,主要分布于河北、山东、河南、江苏、安徽等地,
武,Wǔ,约 220 万,武姓源出子姓和姬姓，是一个多民族、多源流的姓氏。,主要分布于河南、河北、山东、山西、陕西等地,
符,Fú,约 100 万,符姓源出姬姓和官职，是一个多民族、多源流的姓氏。,主要分布于海南、广东、广西、福建、浙江等地,
刘,Liú,约 7000 万,刘姓源出祁姓和姬姓，是一个多民族、多源流的姓氏。,主要分布于河南、山东、河北、四川、湖南等地,
景,Jǐng,约 80 万,景姓源出芈姓和姬姓，是一个多民族、多源流的姓氏。,主要分布于河北、山东、河南、山西、陕西等地,
詹,Zhān,约 100 万,詹姓源出姬姓和官职，是一个多民族、多源流的姓氏。,主要分布于福建、台湾、广东、江西、浙江等地,
束,Shù,约 15 万,束姓源出妫姓，为春秋时期齐国大夫束晳的后裔。,主要分布于江苏、安徽、浙江、江西、湖南等地,
龙,Lóng,约 280 万,龙姓源出御龙氏和地名，是一个多民族、多源流的姓氏。,主要分布于湖南、湖北、江西、四川、重庆等地,
叶,Yè,约 700 万,叶姓源出芈姓，为春秋时期楚国叶公沈诸梁的后裔。,主要分布于广东、福建、浙江、台湾、江苏等地,
幸,Xìng,约 8 万,幸姓源出宠臣和地名，是一个多民族、多源流的姓氏。,主要分布于江西、湖南、湖北、安徽、江苏等地,
司,Sī,约 15 万,司姓源出官职和姬姓，是一个多民族、多源流的姓氏。,主要分布于河南、山东、河北、山西、陕西等地,
韶,Sháo,约 10 万,韶姓源出虞舜和地名，是一个多民族、多源流的姓氏。,主要分布于广东、湖南、江西、浙江等地。,
郜,Gào,约 15 万,郜姓源出姬姓，为周文王之子郜叔的后裔。,主要分布于河南、山东、江苏、安徽等地。,
黎,Lí,约 200 万,黎姓源出九黎和姬姓，是一个多民族、多源流的姓氏。,主要分布于广东、广西、江西、湖南、河南等地。,
蓟,Jì,约 2 万,蓟姓源出姬姓，为周武王封黄帝之后于蓟的后裔。,主要分布于北京、河北、天津、山东等地。,
薄,Bó,约 15 万,薄姓源出姜姓和子姓，是一个多民族、多源流的姓氏。,主要分布于山东、江苏、山西、河北等地。,
印,Yìn,约 10 万,印姓源出子姓，为春秋时期郑国大夫印段的后裔。,主要分布于浙江、江苏、上海、安徽等地。,
宿,Sù,约 12 万,宿姓源出风姓，为伏羲氏的后裔。,主要分布于山东、江苏、河南、安徽等地。,
白,Bái,约 400 万,白姓源出芈姓和姬姓，是一个多民族、多源流的姓氏。,主要分布于河南、河北、山西、陕西、云南等地。,
怀,Huái,约 15 万,怀姓源出姬姓和地名，是一个多民族、多源流的姓氏。,主要分布于河南、河北、山东、江苏等地。,
蒲,Pú,约 100 万,蒲姓源出姒姓和地名，是一个多民族、多源流的姓氏。,主要分布于四川、重庆、陕西、甘肃、湖北等地。,
邰,Tái,约 21 万,邰姓源出姜姓，为后稷的后裔。,主要分布于陕西、甘肃、河南、山东等地。,
从,Cóng,约 20 万,从姓源出姬姓和地名，是一个多民族、多源流的姓氏。,主要分布于江苏、安徽、山东、浙江等地。,
鄂,È,约 30 万,鄂姓源出姞姓和地名，是一个多民族、多源流的姓氏。,主要分布于湖北、河南、安徽、山东等地。,
索,Suǒ,约 17 万,索姓源出子姓，为商朝七族之一。,主要分布于甘肃、宁夏、河南、河北等地。,
咸,Xián,约 8 万,咸姓源出高辛氏和地名，是一个多民族、多源流的姓氏。,主要分布于陕西、山西、山东、河北等地。,
籍,Jí,约 4 万,籍姓源出姬姓，为春秋时期晋国大夫籍谈的后裔。,主要分布于山西、陕西、河南、河北等地。,
赖,Lài,约 250 万,赖姓源出姬姓和地名，是一个多民族、多源流的姓氏。,主要分布于广东、江西、福建、台湾、河南等地。,
卓,Zhuó,约 50 万,卓姓源出芈姓，为春秋时期楚国大夫卓滑的后裔。,主要分布于广东、福建、浙江、江西、台湾等地。,
蔺,Lìn,约 20 万,蔺姓源出姬姓，为春秋时期晋国大夫蔺康的后裔。,主要分布于陕西、山西、河北、河南等地。,
屠,Tú,约 25 万,屠姓源出子姓和地名，是一个多民族、多源流的姓氏。,主要分布于浙江、江苏、安徽、山东等地。,
蒙,Méng,约 60 万,蒙姓源出高阳氏和姬姓，是一个多民族、多源流的姓氏。,主要分布于广西、山东、河南、安徽等地。,
池,Chí,约 50 万,池姓源出嬴姓和地名，是一个多民族、多源流的姓氏。,主要分布于广东、浙江、福建、台湾等地。,
乔,Qiáo,约 240 万,乔姓源出姬姓和匈奴，是一个多民族、多源流的姓氏。,主要分布于河南、山东、江苏、山西等地。,
阴,Yīn,约 12 万,阴姓源出姬姓和地名，是一个多民族、多源流的姓氏。,主要分布于河南、陕西、甘肃、湖北等地。,
郁,Yù,约 40 万,郁姓源出姬姓和地名，是一个多民族、多源流的姓氏。,主要分布于浙江、上海、江苏、山东等地。,
胥,Xū,约 8 万,胥姓源出姬姓和官职，是一个多民族、多源流的姓氏。,主要分布于四川、江苏、河南、山东等地。,
能,Nài,约 5 万,能姓源出芈姓，为春秋时期楚国熊挚的后裔。,主要分布于广西、湖南、湖北、浙江等地。,
苍,Cāng,约 2 万,苍姓源出姬姓和高阳氏，是一个多民族、多源流的姓氏。,主要分布于河南、山东、陕西、江西等地。,
双,Shuāng,约 10 万,双姓源出姬姓和地名，是一个多民族、多源流的姓氏。,主要分布于浙江、江苏、安徽、黑龙江等地。,
闻,Wén,约 30 万,闻姓源出复姓闻人氏，是一个多民族、多源流的姓氏。,主要分布于浙江、江苏、湖北、福建等地。,
莘,Shēn,约 1 万,莘姓源出姒姓和地名，是一个多民族、多源流的姓氏。,主要分布于陕西、山东、河南、河北等地。,
党,Dǎng,约 400 万,党姓源出姬姓和羌族，是一个多民族、多源流的姓氏。,主要分布于陕西、山西、甘肃、河南等地。,
翟,Zhái,约 170 万,翟姓源出隗姓和姬姓，是一个多民族、多源流的姓氏。,主要分布于河南、山东、河北、安徽等地。,
谭,Tán,约 500 万,谭姓源出姒姓和地名，是一个多民族、多源流的姓氏。,主要分布于广东、湖南、四川、江西等地。,
贡,Gòng,约 12 万,贡姓源出端木赐和官职，是一个多民族、多源流的姓氏。,主要分布于江苏、安徽、山东、河北等地。,
劳,Láo,约 40 万,劳姓源出东夷和地名，是一个多民族、多源流的姓氏。,主要分布于山东、浙江、广东、辽宁等地。,
逄,Páng,约 10 万,逄姓源出姜姓，为炎帝的后裔。,主要分布于山东、辽宁、吉林、黑龙江等地。,
姬,Jī,约 54 万,姬姓是黄帝的姓氏，也是周朝的国姓。,主要分布于河南、山东、山西、陕西等地。,
申,Shēn,约 170 万,申姓源出姜姓，为炎帝的后裔。,主要分布于河南、河北、山东、山西等地。,
扶,Fú,约 5 万,扶姓源出上古三皇之首伏羲氏和官职，是一个多民族、多源流的姓氏。,主要分布于湖南、湖北、河南、江西等地。,
堵,Dǔ,约 5 万,堵姓源出姬姓，为春秋时期郑国大夫堵叔的后裔。,主要分布于河南、河北、江苏等地。,
冉,Rǎn,约 60 万,冉姓源出姬姓和高辛氏，是一个多民族、多源流的姓氏。,主要分布于重庆、四川、贵州、山东等地。,
宰,Zǎi,约 5 万,宰姓源出姬姓和官职，是一个多民族、多源流的姓氏。,主要分布于山东、河南、江苏等地。,
郦,Lì,约 30 万,郦姓源出姜姓和地名，是一个多民族、多源流的姓氏。,主要分布于江苏、浙江、安徽等地。,
雍,Yōng,约 15 万,雍姓源出姬姓，为周文王第十三子雍伯的后裔。,主要分布于陕西、江苏、四川等地。,
郤,Xì,约 2 万,郤姓源出姬姓，为春秋时期晋国公族郤献子的后裔。,主要分布于山西、河北、河南等地。,
璩,Qú,约 1 万,璩姓源出姬姓和地名，是一个多民族、多源流的姓氏。,主要分布于江西、安徽、浙江等地。,
桑,Sāng,约 20 万,桑姓源出嬴姓和地名，是一个多民族、多源流的姓氏。,主要分布于山东、江苏、浙江等地。,
桂,Guì,约 55 万,桂姓源出姬姓和地名，是一个多民族、多源流的姓氏。,主要分布于安徽、广西、浙江、江苏等地。,
濮,Pú,约 20 万,濮姓源出姬姓和地名，是一个多民族、多源流的姓氏。,主要分布于河南、山东、江苏等地。,
牛,Niú,约 200 万,牛姓源出子姓和官职，是一个多民族、多源流的姓氏。,主要分布于河南、山东、河北、安徽等地。,
寿,Shòu,约 11 万,寿姓源出姬姓和地名，是一个多民族、多源流的姓氏。,主要分布于浙江、江苏、安徽等地。,
通,Tōng,约 12 万,通姓源出巴国和地名，是一个多民族、多源流的姓氏。,主要分布于江苏、浙江、湖北等地。,
边,Biān,约 40 万,边姓源出子姓和官职，是一个多民族、多源流的姓氏。,主要分布于河北、山东、浙江等地。,
扈,Hù,约 28 万,扈姓源出姒姓，为夏朝诸侯扈氏的后裔。,主要分布于陕西、山东、河南等地。,
燕,Yān,约 100 万,燕姓源出姬姓和子姓，是一个多民族、多源流的姓氏。,主要分布于河北、山东、辽宁、黑龙江等地。,
冀,Jì,约 20 万,冀姓源出伊祁氏和地名，是一个多民族、多源流的姓氏。,主要分布于河北、山西、河南等地。,
郏,Jiá,约 10 万,郏姓源出姬姓和地名，是一个多民族、多源流的姓氏。,主要分布于河南、江苏、上海等地。,
浦,Pǔ,约 22 万,浦姓源出姜姓和地名，是一个多民族、多源流的姓氏。,主要分布于上海、江苏、浙江、安徽等地。,
尚,Shàng,约 120 万,尚姓源出姜姓和官职，是一个多民族、多源流的姓氏。,主要分布于河南、河北、山东、内蒙古等地。,
农,Nóng,约 40 万,农姓源出神农氏和官职，是一个多民族、多源流的姓氏。,主要分布于广西、广东、湖南、云南等地,
温,Wēn,约 190 万,温姓源出姬姓和郤姓，是一个多民族、多源流的姓氏。,主要分布于广东、江西、福建、浙江、山西等地,
别,Bié,约 15 万,别姓源出姬姓和官职，是一个多民族、多源流的姓氏。,主要分布于湖北、河南、河北、安徽等地,
庄,Zhuāng,约 200 万,庄姓源出芈姓和子姓，是一个多民族、多源流的姓氏。,主要分布于广东、福建、浙江、台湾、江苏等地,
晏,Yàn,约 60 万,晏姓源出子姓和姬姓，是一个多民族、多源流的姓氏。,主要分布于江西、湖北、湖南、四川、安徽等地,
柴,Chái,约 100 万,柴姓源出姜姓和姬姓，是一个多民族、多源流的姓氏。,主要分布于山东、山西、河南、河北、浙江等地,
瞿,Qú,约 40 万,瞿姓源出子姓和地名，是一个多民族、多源流的姓氏。,主要分布于湖南、湖北、四川、重庆、江苏等地,
阎,Yán,约 70 万,阎姓源出姬姓和芈姓，是一个多民族、多源流的姓氏。,主要分布于河南、山东、山西、河北、陕西等地,
充,Chōng,约 10 万,充姓源出姜姓和官职，是一个多民族、多源流的姓氏。,主要分布于山东、河南、安徽、江苏等地,
慕,Mù,约 20 万,慕姓源出鲜卑族和慕容氏，是一个多民族、多源流的姓氏。,主要分布于甘肃、陕西、河南、宁夏、山东等地,
连,Lián,约 45 万,连姓源出姜姓和芈姓，是一个多民族、多源流的姓氏。,主要分布于福建、台湾、广东、浙江、江苏等地,
茹,Rú,约 20 万,茹姓源出柔然族和如姓，是一个多民族、多源流的姓氏。,主要分布于河南、河北、山西、陕西、浙江等地,
习,Xí,约 10 万,习姓源出少习国和地名，是一个多民族、多源流的姓氏。,主要分布于陕西、河南、湖北、江西、四川等地,
宦,Huàn,约 5 万,宦姓源出阉宦和官职，是一个多民族、多源流的姓氏。,主要分布于江苏、浙江、安徽、福建等地,
艾,Ài,约 60 万,艾姓源出夏代君主少康的大臣汝艾和地名，是一个多民族、多源流的姓氏。,主要分布于江西、湖南、湖北、四川、河南等地,
鱼,Yú,约 15 万,鱼姓源出子姓，为春秋时期宋国司马子鱼的后裔。,主要分布于陕西、河南、山东、河北、江苏等地,
容,Róng,约 24 万,容姓源出高阳氏和官职，是一个多民族、多源流的姓氏。,主要分布于广东、广西、湖南、江西、江苏等地,
向,Xiàng,约 140 万,向姓源出子姓和姜姓，是一个多民族、多源流的姓氏。,主要分布于湖南、湖北、河南、重庆、四川等地,
古,Gǔ,约 50 万,古姓源出姬姓和姑姓，是一个多民族、多源流的姓氏。,主要分布于广东、江西、福建、湖南、河南等地,
易,Yì,约 170 万,易姓源出姜姓和姬姓，是一个多民族、多源流的姓氏。,主要分布于湖南、湖北、江西、四川、重庆等地,
慎,Shèn,约 8 万,慎姓源出芈姓和姬姓，是一个多民族、多源流的姓氏。,主要分布于浙江、江苏、安徽、山东等地。,
戈,Gē,约 15 万,戈姓源出夏朝和地名，是一个多民族、多源流的姓氏。,主要分布于河北、河南、江苏、浙江等地。,
廖,Liào,约 490 万,廖姓源出己姓和姬姓，是一个多民族、多源流的姓氏。,主要分布于广东、广西、湖南、四川等地。,
庾,Yǔ,约 10 万,庾姓源出姬姓和官职，是一个多民族、多源流的姓氏。,主要分布于江西、河南、湖北、安徽等地。,
终,Zhōng,约 10 万,终姓源出陆终氏和地名，是一个多民族、多源流的姓氏。,主要分布于河南、山东、陕西、江苏等地。,
暨,Jì,约 10 万,暨姓源出彭姓和地名，是一个多民族、多源流的姓氏。,主要分布于浙江、江苏、安徽、福建等地。,
居,Jū,约 15 万,居姓源出姬姓和官职，是一个多民族、多源流的姓氏。,主要分布于河南、山东、江苏、浙江等地。,
衡,Héng,约 30 万,衡姓源出伊祁氏和官职，是一个多民族、多源流的姓氏。,主要分布于湖南、江西、河南、河北等地。,
步,Bù,约 10 万,步姓源出姬姓和鲜卑族，是一个多民族、多源流的姓氏。,主要分布于江苏、浙江、河南、山东等地。,
都,Dōu,约 26 万,都姓源出姬姓和地名，是一个多民族、多源流的姓氏。,主要分布于山东、河南、浙江、江苏等地。,
耿,Gěng,约 110 万,耿姓源出子姓和姬姓，是一个多民族、多源流的姓氏。,主要分布于河北、河南、江苏、安徽等地。,
满,Mǎn,约 16 万,满姓源出妫姓和胡姓，是一个多民族、多源流的姓氏。,主要分布于河南、山东、湖南、安徽等地。,
弘,Hóng,约 10 万,弘姓源出姬姓和地名，是一个多民族、多源流的姓氏。,主要分布于江苏、浙江、河南、陕西等地。,
匡,Kuāng,约 30 万,匡姓源出姬姓和地名，是一个多民族、多源流的姓氏。,主要分布于湖南、江西、湖北、安徽等地。,
国,Guó,约 27 万,国姓源出姬姓和姜姓，是一个多民族、多源流的姓氏。,主要分布于山东、河南、河北、辽宁等地。,
文,Wén,约 300 万,文姓源出姬姓和姜姓，是一个多民族、多源流的姓氏。,主要分布于湖南、四川、广东、江西等地。,
寇,Kòu,约 25 万,寇姓源出姬姓和官职，是一个多民族、多源流的姓氏。,主要分布于河南、河北、山东、陕西等地。,
广,Guǎng,约 12 万,广姓源出姜姓和官职，是一个多民族、多源流的姓氏。,主要分布于广西、广东、湖南、湖北等地。,
禄,Lù,约 10 万,禄姓源出子姓和地名，是一个多民族、多源流的姓氏。,主要分布于河南、山东、河北、江苏等地。,
阙,Quē,约 10 万,阙姓源出姬姓和地名，是一个多民族、多源流的姓氏。,主要分布于福建、浙江、江西、安徽等地。,
东,Dōng,约 20 万,东姓源出伏羲氏和官职，是一个多民族、多源流的姓氏。,主要分布于山东、江苏、黑龙江等地。,
欧,Ōu,约 320 万,欧姓源出姒姓和欧冶氏，是一个多民族、多源流的姓氏。,主要分布于广东、湖南、江西等地。,
殳,Shū,约 5 万,殳姓源出姜姓和官职，是一个多民族、多源流的姓氏。,主要分布于浙江、江苏、上海等地。,
沃,Wò,约 10 万,沃姓源出子姓，为商王沃丁的后裔。,主要分布于浙江、上海、北京等地。,
利,Lì,约 8 万,利姓源出理姓和地名，是一个多民族、多源流的姓氏。,主要分布于广东、广西、江西等地。,
蔚,Yù,约 12 万,蔚姓源出姬姓和地名，是一个多民族、多源流的姓氏。,主要分布于河北、山西、内蒙古等地。,
越,Yuè,约 25 万,越姓源出姒姓和地名，是一个多民族、多源流的姓氏。,主要分布于浙江、江苏、安徽等地。,
夔,Kuí,约 1 万,夔姓源出芈姓，为春秋时期楚国公族的后裔。,主要分布于重庆、四川、湖北等地。,
隆,Lóng,约 13 万,隆姓源出地名和少数民族，是一个多民族、多源流的姓氏。,主要分布于湖南、江西、湖北等地。,
师,Shī,约 12 万,师姓源出姬姓和官职，是一个多民族、多源流的姓氏。,主要分布于河南、河北、山东等地。,
巩,Gǒng,约 12 万,巩姓源出姬姓和地名，是一个多民族、多源流的姓氏。,主要分布于河南、山东、河北等地。,
厍,Shè,约 2 万,厍姓源出姬姓和官职，是一个多民族、多源流的姓氏。,主要分布于陕西、山西、甘肃等地。,
聂,Niè,约 140 万,聂姓源出姜姓和地名，是一个多民族、多源流的姓氏。,主要分布于湖南、江西、湖北等地。,
晁,Cháo,约 30 万,晁姓源出姬姓和子姓，是一个多民族、多源流的姓氏。,主要分布于河南、山东、河北等地。,
勾,Gōu,约 15 万,勾姓源出姒姓和地名，是一个多民族、多源流的姓氏。,主要分布于浙江、江苏、安徽等地。,
敖,áo,约 25 万,敖姓源出芈姓和姬姓，是一个多民族、多源流的姓氏。,主要分布于湖南、湖北、四川等地。,
融,Róng,约 15 万,融姓源出高阳氏和官职，是一个多民族、多源流的姓氏。,主要分布于湖南、江西、江苏等地。,
冷,Lěng,约 10 万,冷姓源出姬姓和官职，是一个多民族、多源流的姓氏。,主要分布于四川、湖南、陕西等地。,
訾,Zī,约 10 万,訾姓源出姬姓和地名，是一个多民族、多源流的姓氏。,主要分布于河南、山东、河北等地。,
辛,Xīn,约 60 万,辛姓源出姒姓和姬姓，是一个多民族、多源流的姓氏。,主要分布于山东、辽宁、吉林等地。,
阚,Kàn,约 25 万,阚姓源出姜姓和地名，是一个多民族、多源流的姓氏。,主要分布于山东、江苏、安徽等地。,
那,Nā,约 18 万,那姓源出子姓和地名，是一个多民族、多源流的姓氏。,主要分布于河南、河北、云南等地。,
简,Jiǎn,约 110 万,简姓源出姬姓和地名，是一个多民族、多源流的姓氏。,主要分布于四川、广东、湖南等地。,
饶,Ráo,约 70 万,饶姓源出姜姓和地名，是一个多民族、多源流的姓氏。,主要分布于江西、福建、湖北等地。,
空,Kōng,约 1 万,空姓源出古空侯氏和地名，是一个多民族、多源流的姓氏。,主要分布于河南、陕西、山东等地。,
曾,Zēng,约 700 万,曾姓源出姒姓，为夏禹的后裔。,主要分布于广东、江西、湖南、福建等地。,
毋,Wú,约 5 万,毋姓源出田姓和地名，是一个多民族、多源流的姓氏。,主要分布于山东、河南、河北等地。,
沙,Shā,约 40 万,沙姓源出子姓和地名，是一个多民族、多源流的姓氏。,主要分布于江苏、浙江、云南、四川等地。,
乜,Niè,约 5 万,乜姓源出姬姓和少数民族，是一个多民族、多源流的姓氏。,主要分布于河北、山东、山西等地。,
养,Yǎng,约 1 万,养姓源出姬姓和地名，是一个多民族、多源流的姓氏。,主要分布于河南、安徽、江苏等地。,
鞠,Jū,约 20 万,鞠姓源出姬姓和地名，是一个多民族、多源流的姓氏。,主要分布于山东、辽宁、黑龙江等地。,
须,Xū,约 1 万,须姓源出风姓和地名，是一个多民族、多源流的姓氏。,主要分布于河南、浙江、江苏等地。,
丰,Fēng,约 30 万,丰姓源出姬姓和地名，是一个多民族、多源流的姓氏。,主要分布于江苏、浙江、安徽等地。,
巢,Cháo,约 12 万,巢姓源出有巢氏和地名，是一个多民族、多源流的姓氏。,主要分布于安徽、江西、江苏等地。,
关,Guān,约 110 万,关姓源出姬姓和地名，是一个多民族、多源流的姓氏。,主要分布于辽宁、吉林、黑龙江、河南等地。,
蒯,Kuǎi,约 10 万,蒯姓源出姬姓和地名，是一个多民族、多源流的姓氏。,主要分布于湖北、江苏、河南等地。,
相,Xiāng,约 16 万,相姓源出子姓和地名，是一个多民族、多源流的姓氏。,主要分布于河南、河北、山东等地。,
查,Zhā,约 100 万,查姓源出姜姓和地名，是一个多民族、多源流的姓氏。,主要分布于安徽、江苏、浙江等地。,
后,Hòu,约 8 万,后姓源出太昊氏和地名，是一个多民族、多源流的姓氏。,主要分布于江苏、山东、河北等地。,
荆,Jīng,约 40 万,荆姓源出芈姓，为楚国的旧称。,主要分布于湖北、湖南、江西等地。,
红,Hóng,约 14 万,红姓源出子姓和地名，是一个多民族、多源流的姓氏。,主要分布于江苏、浙江、江西等地。,
游,Yóu,约 10 万,游姓源出姬姓，为春秋时期郑国公子游吉的后裔。,主要分布于福建、台湾、江西等地。,
竺,Zhú,约 13 万,竺姓源出竹姓和天竺国，是一个多民族、多源流的姓氏。,主要分布于浙江、江苏、安徽等地。,
权,Quán,约 20 万,权姓源出子姓和地名，是一个多民族、多源流的姓氏。,主要分布于湖北、甘肃、河南等地。,
逯,Lù,约 20 万,逯姓源出嬴姓和地名，是一个多民族、多源流的姓氏。,主要分布于山东、河南、河北等地。,
盖,Gài,约 25 万,盖姓源出姜姓和地名，是一个多民族、多源流的姓氏。,主要分布于山东、河北、东北等地。,
益,Yì,约 10 万,益姓源出嬴姓和地名，是一个多民族、多源流的姓氏。,主要分布于山东、江苏、浙江等地。,
桓,Huán,约 15 万,桓姓源出子姓和姬姓，是一个多民族、多源流的姓氏。,主要分布于安徽、江苏、山东等地。,
公,Gōng,约 2 万,公姓源出姬姓和官职，是一个多民族、多源流的姓氏。,主要分布于山东、河南、河北等地。,
万俟,Mò Qí,人口不详,万俟姓源出鲜卑族拓跋氏，是一个少数民族复姓。,主要分布于河南、山东、安徽等地。,
司马,Sī Mǎ,人口不详,司马姓源出官职，为西周掌管军事的官职。,主要分布于河南、山西、安徽等地。,
上官,Shàng Guān,人口不详,上官姓源出芈姓，为春秋时期楚国公族的后裔。,主要分布于江西、福建、浙江等地。,
欧阳,Ōu Yáng,约 324 万,欧阳姓源出姒姓，为春秋时期越国君主无疆的后裔。,主要分布于湖南、江西、广东等地。,
夏侯,Xià Hóu,人口不详,夏侯姓源出姒姓，为大禹的后裔。,主要分布于山东、安徽、江苏等地。,
诸葛,Zhū Gě,约 4.7 万,诸葛姓源出葛姓和地名，是一个多民族、多源流的姓氏。,主要分布于浙江、江苏、山东等地。,
闻人,Wén Rén,人口不详,闻人姓源出少正氏，为春秋时期鲁国大夫少正卯的后裔。,主要分布于浙江、江苏、上海等地。,
东方,Dōng Fāng,人口不详,东方姓源出伏羲氏，为上古伏羲氏的后裔。,主要分布于山东、江苏、黑龙江等地。,
赫连,Hè Lián,人口不详,赫连姓源出匈奴族，为十六国时期夏国的国姓。,主要分布于陕西、山西、河南等地。,
皇甫,Huáng Fǔ,约 5.3 万,皇甫姓源出子姓和姬姓，是一个多民族、多源流的姓氏。,主要分布于甘肃、河南、江苏等地。,
尉迟,Yù Chí,人口不详,尉迟姓源出鲜卑族，为北魏时期的部落姓氏。,主要分布于山西、河北、陕西等地。,
公羊,Gōng Yáng,人口不详,公羊姓源出姬姓，为春秋时期鲁国公孙羊孺的后裔。,主要分布于山东、江苏、浙江等地,
澹台,Tán Tái,人口不详,澹台姓源出姬姓，为春秋时期鲁国孔子弟子澹台灭明的后裔。,主要分布于河南、山东、江苏等地,
公冶,Gōng Yě,人口不详,公冶姓源出姬姓，为春秋时期鲁国大夫季公冶的后裔。,主要分布于山东、河南、辽宁等地,
宗政,Zōng Zhèng,人口不详,宗政姓源出刘姓，为汉朝楚元王刘交的后裔。,主要分布于江苏、浙江、安徽等地,
濮阳,Pú Yáng,人口不详,濮阳姓源出姬姓和地名，是一个多民族、多源流的姓氏。,主要分布于河南、山东、河北等地,
淳于,Chún Yú,人口不详,淳于姓源出姜姓和地名，是一个多民族、多源流的姓氏。,主要分布于山东、安徽、浙江等地,
单于,Chán Yú,人口不详,单于是匈奴人对他们部落联盟首领的专称。,历史上主要分布于内蒙古、甘肃、宁夏等地,
太叔,Tài Shū,人口不详,太叔姓源出姬姓，为春秋时期卫国大夫太叔段的后裔。,主要分布于河南、山东、山西等地,
申屠,Shēn Tú,约 14 万,申屠姓源出姜姓和地名，是一个多民族、多源流的姓氏。,主要分布于浙江、江苏、安徽等地,
公孙,Gōng Sūn,人口不详,公孙姓源出姬姓和子姓，是一个多民族、多源流的姓氏。,主要分布于山东、河南、河北等地,
仲孙,Zhòng Sūn,人口不详,仲孙姓源出姬姓，为春秋时期鲁国大夫仲孙湫的后裔。,主要分布于山东、江苏、黑龙江等地,
轩辕,Xuān Yuán,约 2.8 万,轩辕姓源出姬姓，为黄帝的后裔。,主要分布于河南、河北、安徽等地,
令狐,Líng Hú,约 2.3 万,令狐姓源出姬姓，为春秋时期晋国大夫魏颗的后裔。,主要分布于山西、陕西、甘肃等地,
钟离,Zhōng Lí,人口不详,钟离姓源出嬴姓，为春秋时期楚国大夫伯州犁的后裔。,主要分布于安徽、江苏、浙江等地,
宇文,Yǔ Wén,约 2.1 万,宇文姓源出匈奴族，为鲜卑族部落首领的姓氏。,主要分布于陕西、河北、辽宁等地,
长孙,Zhǎng Sūn,人口不详,长孙姓源出拓跋氏，为北魏皇室的姓氏。,主要分布于河南、山东、山西等地,
慕容,Mù Róng,约 7.8 万,慕容姓源出鲜卑族，为十六国时期前燕、后燕、南燕的国姓。,主要分布于河北、辽宁、内蒙古等地,
鲜于,Xiān Yú,人口不详,鲜于姓源出子姓和地名，是一个多民族、多源流的姓氏。,主要分布于北京、天津、河北等地,
闾丘,Lǘ Qiū,人口不详,闾丘姓源出姜姓和地名，是一个多民族、多源流的姓氏。,主要分布于山东、河南、江苏等地,
司徒,Sī Tú,约 4.7 万,司徒姓源出官职，为西周掌管国家土地和人民的官职。,主要分布于河北、河南、山西等地,
司空,Sī Kōng,人口不详,司空姓源出官职，为西周掌管工程的官职。,主要分布于河南、河北、山西等地,
亓官,Qí Guān,人口不详,亓官姓源出官职，为春秋时期鲁国掌管笄礼的官职。,主要分布于山东、河南等地,
司寇,Sī Kòu,人口不详,司寇姓源出官职，为西周掌管刑狱的官职。,主要分布于河南、陕西等地,
仉,Zhǎng,人口不详,仉姓源出党姓，为春秋时期鲁国大夫党氏的后裔。,主要分布于山东、河北等地,
督,Dū,人口不详,督姓源出子姓和地名，是一个多民族、多源流的姓氏。,主要分布于河北、辽宁等地,
子车,Zǐ Jū,人口不详,子车姓源出嬴姓，为春秋时期秦国大夫子车奄息的后裔。,主要分布于陕西、甘肃等地,
颛孙,Zhuān Sūn,人口不详,颛孙姓源出妫姓，为春秋时期陈国公子颛孙的后裔。,主要分布于山东、河南等地,
端木,Duān Mù,约 5.8 万,端木姓源出姬姓，为春秋时期卫国大夫端木赐的后裔。,主要分布于河南、山东、安徽等地,
巫马,Wū Mǎ,人口不详,巫马姓源出官职，为春秋时期鲁国掌管养马的官职。,主要分布于山东、江苏等地,
公西,Gōng Xī,人口不详,公西姓源出姬姓，为春秋时期鲁国大夫公西华的后裔。,主要分布于山东、河南等地,
漆雕,Qī Diāo,人口不详,漆雕姓源出职业，为春秋时期鲁国的工匠姓氏。,主要分布于山东、河北等地,
乐正,Yuè Zhèng,人口不详,乐正姓源出官职，为西周掌管乐舞的官职。,主要分布于陕西、河南等地,
壤驷,Rǎng Sì,人口不详,壤驷姓源出姬姓，为春秋时期秦国贵族的姓氏。,主要分布于陕西、甘肃等地,
公良,Gōng Liáng,人口不详,公良姓源出姬姓，为春秋时期陈国公子良的后裔。,主要分布于河南、安徽等地,
拓跋,Tuò Bá,约 1.2 万,拓跋姓源出鲜卑族，为北魏皇室的姓氏。,主要分布于河南、河北、山西等地,
夹谷,Jiá Gǔ,人口不详,夹谷姓源出女真族，为金朝的部落姓氏。,主要分布于山东、辽宁等地,
宰父,Zǎi Fǔ,人口不详,宰父姓源出官职，为春秋时期鲁国掌管法令的官职。,主要分布于山东、河南等地,
谷梁,Gǔ Liáng,人口不详,谷梁姓源出嬴姓和地名，是一个多民族、多源流的姓氏。,主要分布于山东、江苏等地,
晋,Jìn,约 230 万,晋姓源出姬姓，为春秋时期晋国的国姓。,主要分布于山西、河南、陕西等地,
楚,Chǔ,约 280 万,楚姓源出芈姓，为春秋时期楚国的国姓。,主要分布于湖南、湖北、江西等地,
闫,Yán,约 420 万,闫姓源出姬姓，为春秋时期晋国大夫闫嘉的后裔。,主要分布于河南、山东、河北、山西等地,
法,Fǎ,约 21 万,法姓源出田姓，为战国时期齐国襄王法章的后裔。,主要分布于江苏、浙江、安徽、山东等地,
汝,Rǔ,人口不详,汝姓源出姬姓和地名，是一个多民族、多源流的姓氏。,主要分布于河南、安徽、山东、江苏等地,
鄢,Yān,约 38 万,鄢姓源出妘姓和地名，是一个多民族、多源流的姓氏。,主要分布于湖北、湖南、江西、河南等地,
涂,Tú,约 105 万,涂姓源出赢姓和地名，是一个多民族、多源流的姓氏。,主要分布于江西、湖北、安徽、浙江等地,
钦,Qīn,约 10 万,钦姓源出乌桓族和地名，是一个多民族、多源流的姓氏。,主要分布于安徽、浙江、江苏、山东等地,
段干,Duàn Gān,人口不详,段干姓源出李姓，为春秋时期道家学派创始人老子的后裔。,主要分布于河南、陕西、山西等地,
百里,Bǎi Lǐ,人口不详,百里姓源出姬姓，为春秋时期秦国大夫百里奚的后裔。,主要分布于陕西、甘肃、河南等地,
东郭,Dōng Guō,人口不详,东郭姓源出姜姓和地名，是一个多民族、多源流的姓氏。,主要分布于山东、河南、江苏等地,
南门,Nán Mén,人口不详,南门姓源出子姓和地名，是一个多民族、多源流的姓氏。,主要分布于河南、山东、安徽等地,
呼延,Hū Yán,约 10 万,呼延姓源出匈奴族，为古代匈奴族的一个部落名称。,主要分布于山西、陕西、内蒙古等地,
归海,Guī Hǎi,人口不详,归海姓源出姜姓和地名，是一个多民族、多源流的姓氏。,主要分布于山东、江苏、浙江等地,
羊舌,Yáng Shé,人口不详,羊舌姓源出姬姓，为春秋时期晋国大夫羊舌肸的后裔。,主要分布于山西、陕西、河南等地,
微生,Wēi Shēng,人口不详,微生姓源出姬姓和地名，是一个多民族、多源流的姓氏。,主要分布于山东、河南、江苏等地,
岳,Yuè,约 142 万,岳姓源出姜姓，为上古四岳的后裔。,主要分布于河南、山东、安徽、湖北等地,
帅,Shuài,约 20 万,帅姓源出师姓，为避晋景帝司马师之名讳而改。,主要分布于浙江、江苏、安徽等地,
缑,Gōu,人口不详,缑姓源出姬姓和地名，是一个多民族、多源流的姓氏。,主要分布于河南、陕西、山西等地,
亢,Kàng,约 16 万,亢姓源出姬姓和地名，是一个多民族、多源流的姓氏。,主要分布于山西、河北、河南等地,
况,Kuàng,约 24 万,况姓源出姚姓和地名，是一个多民族、多源流的姓氏。,主要分布于江西、安徽、江苏等地,
后,Hòu,约 8 万,后姓源出太昊氏和地名，是一个多民族、多源流的姓氏。,主要分布于江苏、浙江、安徽等地,
有,Yǒu,人口不详,有姓源出祝融氏和地名，是一个多民族、多源流的姓氏。,主要分布于河南、山东、安徽等地,
琴,Qín,约 12 万,琴姓源出职业和地名，是一个多民族、多源流的姓氏。,主要分布于浙江、江苏、安徽等地,
梁丘,Liáng Qiū,人口不详,梁丘姓源出姬姓，为春秋时期齐国大夫梁丘据的后裔。,主要分布于山东、河南等地,
左丘,Zuǒ Qiū,人口不详,左丘姓源出姬姓，为春秋时期鲁国太史左丘明的后裔。,主要分布于山东、江苏等地,
东门,Dōng Mén,人口不详,东门姓源出姬姓和地名，是一个多民族、多源流的姓氏。,主要分布于山东、河南等地,
西门,Xī Mén,人口不详,西门姓源出姬姓和地名，是一个多民族、多源流的姓氏。,主要分布于河南、山东等地,
商,Shāng,约 110 万,商姓源出子姓和地名，是一个多民族、多源流的姓氏。,主要分布于河南、河北、山东等地,
牟,Móu,约 50 万,牟姓源出姬姓和地名，是一个多民族、多源流的姓氏。,主要分布于山东、四川、重庆等地,
佘,Shé,约 60 万,佘姓源出姬姓和地名，是一个多民族、多源流的姓氏。,主要分布于广东、湖南、湖北等地,
佴,Nài,约 2 万,佴姓源出地名和少数民族，是一个多民族、多源流的姓氏。,主要分布于江苏、安徽等地,
伯,Bó,约 15 万,伯姓源出姬姓和官职，是一个多民族、多源流的姓氏。,主要分布于山东、河南、河北等地,
赏,Shǎng,人口不详,赏姓源出子姓和地名，是一个多民族、多源流的姓氏。,主要分布于江苏、浙江等地,
南宫,Nán Gōng,人口不详,南宫姓源出姬姓和地名，是一个多民族、多源流的姓氏。,主要分布于河南、山东等地,
墨,Mò,约 45 万,墨姓源出子姓，为商朝孤竹君的后裔。,主要分布于山东、河北、河南等地,
哈,Hā,约 7 万,哈姓源出少数民族，为回族、蒙古族等民族的姓氏。,主要分布于新疆、甘肃、宁夏等地,
谯,Qiáo,约 15 万,谯姓源出姬姓和地名，是一个多民族、多源流的姓氏。,主要分布于安徽、四川、江苏等地,
笪,Dá,约 5 万,笪姓源出地名和职业，是一个多民族、多源流的姓氏。,主要分布于江苏、江西等地,
年,Nián,约 11 万,年姓源出姜姓和地名，是一个多民族、多源流的姓氏。,主要分布于安徽、江苏、浙江等地,
爱,Ài,人口不详,爱姓源出唐代西域回鹘国和赐姓，是一个多民族、多源流的姓氏。,主要分布于河南、河北等地,
阳,Yáng,约 67 万,阳姓源出姬姓和地名，是一个多民族、多源流的姓氏。,主要分布于四川、湖南、湖北等地,
佟,Tóng,约 83 万,佟姓源出女真族和地名，是一个多民族、多源流的姓氏。,主要分布于辽宁、河北、黑龙江等地,
第五,Dì Wǔ,约 1.2 万,第五姓源出田姓，为汉高祖刘邦强迁齐国田氏诸族时所改。,主要分布于陕西、甘肃、山西等地,
言,Yán,约 11 万,言姓源出姬姓，为春秋时期吴国公子言偃的后裔。,主要分布于江苏、上海、浙江等地,
福,Fú,人口不详,福姓源出百济国和赐姓，是一个多民族、多源流的姓氏。,主要分布于福建、浙江、北京等地,
